platform,title,url,budget_min,budget_max,budget_currency,budget_type,skills,category,posted_date,full_description,description_snippet
Freelancer.com,SAP HANA OData CRUD API,https://www.freelancer.com/projects/sap/sap-hana-odata-crud-api,4.0,8.0,USD,fixed,SAP | SAP HANA,,,,"I need a fully-functioning OData service that exposes Customer data stored in our SAP HANA system and supports the complete CRUD cycle. The goal is to let external and internal applications create, read, update and delete customer records through sta"
Freelancer.com,Peer Review and Edit Science Paper,https://www.freelancer.com/projects/academic-publishing/peer-review-edit-science-paper,174.0,174.0,USD,fixed,Academic Publishing | Academic Research | Academic Writing | Copy Editing | Editing | Proofreading | Research | Research Writing | Technical Writing | Writing Tutoring,,,,"The writing style in the work presented should be simple and direct. All work should be edited to a high standard before submission for examination.


Dissertations should be formatted with A4 page size in portrait orientation with pages numbered con"
Freelancer.com,FXCM Scalping Algorithm Development,https://www.freelancer.com/projects/trading/fxcm-scalping-algorithm-development,21.0,21.0,USD,fixed,Algorithm | Backtesting | C Programming | C++ Programming | Financial Analysis | Risk Management | Software Architecture | Trading,,,,"I need a skilled programmer to develop a trading algorithm for FXCM. The algorithm will be used for scalping. 

Ideal skills and experience:
- Expertise in FXCM platform
- Proficiency in algorithm development
- Strong understanding of scalping strate"
Freelancer.com,Social Media Marketing Intern needed,https://www.freelancer.com/projects/digital-marketing/social-media-marketing-intern-needed,6.0,6.0,USD,fixed,Content Creation | Content Marketing | Digital Marketing | Facebook Marketing | Internet Marketing | Social Media Management | Social Media Marketing | Twitter,,,,"Company Description Socialgasm is a content-first social agency that goes beyond posting by strategizing, scripting, shooting, and scaling campaigns across platforms. The team creates viral reels, branded user-generated content, and performance-led s"
Freelancer.com,Text-to-Excel Data Entry,https://www.freelancer.com/projects/data-annotation/text-excel-data-entry,206.0,206.0,USD,fixed,Data Annotation | Data Cleansing | Data Entry | Data Management | Data Processing | Excel | Typing | Virtual Assistant,,,,I have several sets of printed documents that contain plain text only. I need every line transcribed accurately into an Excel spreadsheet that I will provide. The layout of the sheet is already set up; your task is purely manual entry—no OCR or autom
Freelancer.com,Texas base Structure Engineer is required,https://www.freelancer.com/projects/revit/texas-base-structure-engineer-required,21.0,21.0,USD,fixed,Architectural Engineering | AutoCAD | Building Architecture | Civil Engineering | Revit | Structural Engineering,,,,"I have a full architectural and civil framing set for a wood-framed single-family residence in Southlake, Tarrant County, Texas. The site’s design wind speed is 115 mph (ultimate), so I need a Texas-licensed Professional Engineer to create the comple"
Freelancer.com,Institution Visit in berlin & Verification,https://www.freelancer.com/projects/photography/institution-visit-berlin-verification,70.0,70.0,USD,fixed,Building Architecture | Data Collection | Data Entry | Excel | Field Research | Geolocation | Photo Editing | Photography | Site Inspection | Web Search,,,,"I need someone local to physically visit a specified institution, capture clear geo-tagged photos, and secure written verification from a staff member on a document I will provide.

Here is the flow: arrive on site, photograph the main signboard, the"
Freelancer.com,Drug Leaflet Dosage Review,https://www.freelancer.com/projects/indesign/drug-leaflet-dosage-review,8.0,13.0,USD,fixed,Adobe InDesign | Documentation | Editing | Graphic Design | Illustrator | Medical Writing | PDF | Proofreading,,,,"I need each of my prescription-only drug information leaflets checked line by line to be sure the dosage and usage instructions are medically sound, internally consistent, and free of omissions. You will work directly on the PDF proofs I supply, mark"
Freelancer.com,Digital Data Entry to Excel,https://www.freelancer.com/projects/data-management/digital-data-entry-excel,25.0,25.0,USD,fixed,Data Analysis | Data Cleansing | Data Entry | Data Management | Data Processing | Excel | Microsoft Office | Visual Basic,,,,"I have a collection of existing digital files—mainly Word documents and some scattered Excel sheets—containing a mix of numbers and text. I need every record transferred, validated, and neatly organized into a single, well-structured Excel workbook.
"
Freelancer.com,2000-Word Business Proofread & Feedback,https://www.freelancer.com/projects/content-writing/word-business-proofread-feedback,11.0,11.0,USD,fixed,Business Plans | Content Writing | Copy Editing | Editing | Proofreading | Research Writing | Technical Writing | Writing Tutoring,,,,"I have a concise business document of roughly 2,000 words that needs a fresh, detail-oriented set of eyes. My priorities are clear: tighten grammar and spelling, and make sure every paragraph flows naturally for busy, non-technical readers. No formal"
Freelancer.com,Clean Informative PowerPoint Slides,https://www.freelancer.com/projects/visual-design/clean-informative-powerpoint-slides,25.0,25.0,USD,fixed,Academic Writing | Branding | Content Writing | Graphic Design | Powerpoint | Presentations | Typography | Visual Design,,,,"I’m looking to hand over a short deck—just 5 to 10 slides—that feels crisp, modern, and effortless to follow. Its primary use will be college projects and other academic assignments, yet I’d like it polished enough to double as a basic business prese"
Freelancer.com,Hair & Beauty Promo Articles,https://www.freelancer.com/projects/seo-writing/hair-beauty-promo-articles,63.0,63.0,USD,fixed,Article Writing | Blog Writing | Content Writing | Copywriting | Ghostwriting | Keyword Research | SEO Writing | Social Media Marketing,,,,"I need a versatile writer who lives and breathes hair-care and beauty to craft persuasive copy for a new product line. The assignment spans three formats—product reviews, step-by-step how-to guides, and comparative articles—and everything you write w"
Freelancer.com,Motivational Channel Branding & Videos,https://www.freelancer.com/projects/adobe-illustrator/motivational-channel-branding-videos,20.0,20.0,USD,fixed,Adobe Illustrator | Adobe Premiere Pro | After Effects | Animation | DaVinci Resolve | Final Cut Pro | Graphic Design | Logo Design,,,,"My new YouTube channel delivers weekly, heart-punching motivation to a broad audience who simply wants to feel inspired. To launch it properly I need three things produced together, all following a modern, sleek look with neutral, calming tones.

1. "
Freelancer.com,Modernize My WIX Site,https://www.freelancer.com/projects/wix/modernize-wix-site-40754461,200.0,200.0,USD,fixed,Graphic Design | HTML | PHP | Web Design | Web Development | Website Design | Website Development | Wix,,,,"I'm looking for a skilled WIX developer to update my website. 

Requirements include:
- Redesign layout to be modern and clean.
- Update existing content for accuracy and relevance.
- Add new features as needed.

Ideal Skills & Experience:
- Proficie"
Freelancer.com,Gold-Hour Colonial/Waltzing Matilda Music Video Shoot,https://www.freelancer.com/projects/drone-photography/gold-hour-colonial-waltzing-matilda,523.0,1046.0,USD,fixed,Cinematography | Color Grading | Drone Photography | Film Production | Lighting Design | Video Production | Videography,,,,"I’m creating a Colonial-era Australian music video set in the Hawkesbury and need a small but experienced team for one golden-hour afternoon. The visual brief blends romantic, dreamy storytelling with warm, sun-kissed tones, capturing both intimate c"
Freelancer.com,Modern Innocent Campus Romance Story,https://www.freelancer.com/projects/creative-writing/modern-innocent-campus-romance-story,141.0,141.0,USD,fixed,Creative Writing | Editing | Education & Tutoring | Fiction | Ghostwriting | Proofreading | Research Writing | Romance Writing,,,,"I need a fresh, original short story that captures the gentle thrill of first love between students in today’s world. The tone should stay sweet and innocent—think butterflies and shy smiles rather than anything graphic—while still giving readers a g"
Freelancer.com,PDF Text Conversion to Word,https://www.freelancer.com/projects/microsoft-word/pdf-text-conversion-word-40754451,71.0,71.0,USD,fixed,Data Entry | Editing | Microsoft Office | Microsoft Word | PDF | Proofreading | Transcription | Word,,,,"Several PDF documents need to be transcribed into a single Microsoft Word file, keeping every paragraph break, heading style, font weight, alignment, and spacing exactly as they appear in the originals. Only the text is required—tables and images can"
Freelancer.com,Bakery Local SEO Boost,https://www.freelancer.com/projects/digital-marketing/bakery-local-seo-boost,88.0,88.0,USD,fixed,Branding | Content Marketing | Digital Marketing | Google Analytics | Keyword Research | Link Building | Marketing | Search Engine Marketing | SEO | Social Media Marketing,,,,"I run a small neighbourhood bakery and my first priority is simple: turn more of our website visitors into paying customers by increasing online orders. To make that happen, I need the bakery to appear in the very top local search results and inside "
Freelancer.com,Elegant Dormitory Logo Design,https://www.freelancer.com/projects/adobe-creative-cloud/elegant-dormitory-logo-design,22.0,22.0,USD,fixed,Adobe Creative Cloud | Adobe Illustrator | Adobe Photoshop | Graphic Design | Illustrator | Logo Design | Photoshop | Vector Design,,,,"I need a distinctive visual identity for our student dormitory that feels classic and elegant while still speaking to today’s students. I’ll share reference photos of the building, our colour palette, and a few rough sketches; you can decide whether "
Freelancer.com,Fix Photoshop Launch Errors,https://www.freelancer.com/projects/adobe-photoshop/fix-photoshop-launch-errors,13.0,13.0,USD,fixed,Adobe Photoshop | Graphic Design | PDF | Photo Editing | Photoshop | Photoshop Design | Technical Support | Troubleshooting,,,,"I have an issue with my pdf files

When I click to open

some silly webpage opens up instead.

My research tells me that its a simple fix as I have obviously clicked on something to cause this on my laptop

I think its a 5 minute fix and I will pay $"
Freelancer.com,Automated Trading System Development in Python,https://www.freelancer.com/projects/api-developmet/automated-trading-system-development,161.0,161.0,USD,fixed,API Development | C Programming | Data Analysis | NumPy | Pandas | Python | Software Architecture | Statistics,,,,"I am looking for an experienced Python developer to build an automated short-term trading system for equities and derivatives. The system should combine market-making techniques with price-action and momentum-based signals, using live data from a bro"
Freelancer.com,Design Informational 4-Page Website,https://www.freelancer.com/projects/web-design/design-informational-page-website,370.0,370.0,USD,fixed,Figma | Graphic Design | HTML | User Interface / IA | Web Design | Web Development | Website Design | WordPress,,,,"I’m ready to launch a concise four-page website whose sole focus is to present clear, well-structured informational content. While I already know the sites that inspire the look and user experience I’m after, I don’t yet have a formal style guide, so"
Freelancer.com,Australian Accredited Accountant Needed,https://www.freelancer.com/projects/tax-compliance/australian-accredited-accountant-needed,278.0,278.0,USD,fixed,Account Management | Accounting | Audit | Finance | Financial Analysis | Financial Consulting | Tax | Tax Compliance,,,,"I have a single, well-defined accounting task that must comply with Australian standards and can only be handled by a locally accredited accountant (CA or CPA). Because this is a one-time project, I am looking for someone who can step in quickly, gat"
Freelancer.com,Spreadsheet Formatting & Lookup Formula Updates,https://www.freelancer.com/projects/data-analysis/spreadsheet-formatting-lookup-formula,86.0,86.0,USD,fixed,Data Analysis | Data Management | Data Processing | Data Visualization | Excel,,,,"I have a set of existing spreadsheets that need two things: cleaner, more consistent formatting and refreshed lookup formulas. On the formatting side, I want cell styles, number formats, and overall layout tightened up so everything is intuitive at a"
Freelancer.com,Inspirational Video Production & Script,https://www.freelancer.com/projects/video-production/inspirational-video-production-script,139526.0,139526.0,USD,fixed,After Effects | Animation | Audio Services | Script Writing | Video Editing | Video Production | Video Services | Voice Talent,,,,"I want to turn the quote “Dunia ini sebenarnya penuh orang baik. Jika engkau belum menemukannya, maka jadilah salah satunya” into a short, powerful video that moves people to act with kindness. I don’t have a script yet, so the first step is working "
Freelancer.com,Classic Vibrant Sweetener Label Design,https://www.freelancer.com/projects/label-design/classic-vibrant-sweetener-label-design,35.0,35.0,USD,fixed,Adobe Illustrator | Adobe Photoshop | Corporate Identity | Covers & Packaging | Graphic Design | Label Design | Logo Design | Print Design,,,,"I’m preparing to launch a zero-calorie sweetener tablet range (stevia and sucralose) and need a standout label tailored to the exact container shape I’ll provide in photographs and dieline measurements.

The look I’m after is unmistakably classic—thi"
Freelancer.com,Daily Customer Data Excel Management,https://www.freelancer.com/projects/data-analysis/daily-customer-data-excel-management,2.0,2.0,USD,fixed,Data Analysis | Data Entry | Data Processing | Excel Macros | Excel VBA | Visual Basic,,,,"I need ongoing help keeping my customer data workbook clean, accurate, and up to date every single day. The dataset grows continuously, so I rely on a freelancer who can jump in, understand the structure quickly, and handle three core activities with"
Freelancer.com,Business Viability Letter Creation,https://www.freelancer.com/projects/business-consultant/business-viability-letter-creation,216.0,216.0,USD,fixed,Business Analysis | Business Consulting | Business Plan Writing | Business Plans | Business Strategy | Business Writing | Financial Analysis | Market Research,,,,"I need a professional business viability letter to support my business license application in the service industry. The letter should convincingly outline the viability and sustainability of my business. 

Key Requirements: 
- Formal tone and structu"
Freelancer.com,Premiere Pro Tutor in Bangalore,https://www.freelancer.com/projects/adobe-creative-cloud/premiere-pro-tutor-bangalore,251.0,251.0,USD,fixed,Adobe Creative Cloud | Adobe Premiere Pro | After Effects | Audio Services | Tutoring | Video Editing | Video Production | Video Services,,,,"I’m a complete beginner with Adobe Premiere Pro and I’d like patient, in-person guidance here in Bangalore. My immediate goal is to learn the fundamentals of editing short social-media videos—importing clips, trimming, arranging on the timeline, addi"
Freelancer.com,Suspenseful Sci-Fi Erotica Story,https://www.freelancer.com/projects/creative-writing/suspenseful-sci-erotica-story,96.0,96.0,USD,fixed,Creative Writing | Editing | Fiction | Ghostwriting | Image Processing | Short Stories,,,,"I’m developing an adult, erotic novel set in a richly imagined fantasy-sci-fi universe and need a skilled writer to bring it to life in third-person narration. The plot must weave genuine suspense through every chapter—think high stakes, looming dang"
Freelancer.com,WordPress Website With Forum Integration,https://www.freelancer.com/projects/wordpress/wordpress-website-with-forum-integration,31.0,31.0,USD,fixed,CSS | Forum Software | HTML | JavaScript | PHP | phpBB | User Interface / IA | Web Design | Website Development | WordPress,,,,"I’d like a clean, responsive website built on whichever stack gives the best balance of speed, security, and future flexibility—either a modern WordPress setup or a hand-coded HTML/CSS front end. The site will host our main content pages and seamless"
Freelancer.com,Technical SEO & WordPress/WooCommerce Specialist Needed,https://www.freelancer.com/projects/woocommerce/technical-seo-wordpress-woocommerce,129.0,129.0,USD,fixed,PHP | SEO | Website Optimization | WooCommerce | WordPress,,,,"need a Technical SEO + WordPress/WooCommerce expert to implement a specific SEO action plan on two websites.
I already have a detailed Word document with the exact work required. I am NOT looking for:
blog writing
backlinks
a general SEO audit
monthl"
Freelancer.com,Special-Effects Video Editing Needed,https://www.freelancer.com/projects/adobe-premiere-pro/special-effects-video-editing-needed,212.0,212.0,USD,fixed,Adobe Premiere Pro | After Effects | DaVinci Resolve | Video Editing | Video Post-editing | Video Processing | Video Production | Video Services,,,,"I’d like you to take my existing footage and transform it with polished special effects so the final piece feels dynamic and engaging from the first frame to the last. The main creative tasks are to weave in smooth, visually interesting transitions b"
Freelancer.com,Transcribe Printed Text to Excel,https://www.freelancer.com/projects/typing/transcribe-printed-text-excel,15.0,15.0,USD,fixed,Copy Typing | Data Entry | Data Processing | Excel | Microsoft Office | Proofreading | Transcription | Typing,,,,"I need the contents of several printed documents transferred faithfully into Excel spreadsheets. The task involves typing only text data—no numerical tables—and placing it into the exact cell structure I will provide in a template workbook.  

I will"
Freelancer.com,Create Global Audit Standards Website,https://www.freelancer.com/projects/web-development/create-global-audit-standards-website,354.0,354.0,USD,fixed,Content Management System (CMS) | Frontend Development | Graphic Design | HTML | JavaScript | PHP | Web Development | Website Design,,,,"Global Audit Platform – Website Development | Budget: USD 300 | Deadline: One Week

I am looking for an experienced web developer to bring my Global Audit Platform initiative to life. The platform will focus on the IIA Global Internal Audit Standards"
Freelancer.com,Instagram Lead-Gen & Growth Marketer Needed,https://www.freelancer.com/projects/social-media-marketing/instagram-lead-gen-growth-marketer,372.0,372.0,USD,fixed,Article Writing | Content Creation | Content Writing | Copywriting | Ghostwriting | Instagram Marketing | Lead Generation | Social Media Marketing,,,,"I’m building an early-stage SaaS startup and need a part-time marketer who can turn our Instagram presence into a consistent lead engine. Instagram is the sole social channel in play for now, so every tactic and piece of content must point toward one"
Freelancer.com,Contemporary 100 m² Granny Flat,https://www.freelancer.com/projects/rendering/contemporary-granny-flat,387.0,387.0,USD,fixed,3D Rendering | Architecture | AutoCAD | Building Architecture | Building Design | Interior Design | Landscape Design,,,,"I’m developing a 100 m² granny flat and want a clean, contemporary look throughout. The layout needs two comfortable bedrooms along with the usual living, kitchen and bathroom spaces, all flowing logically within the modest footprint.

What I expect "
Freelancer.com,"Quick Translation, Article & Image Edits",https://www.freelancer.com/projects/translation/quick-translation-article-image-edits,321.0,321.0,USD,fixed,Article Writing | Blog Writing | Content Creation | Content Writing | Editing | Photoshop | Proofreading | Translation,,,,"I regularly receive bite-sized content jobs that I need turned around fast and accurately. The work centers on short translations, brief blog-style articles, and lightweight image editing—essentially the kind of micro-tasks that keep larger projects "
Freelancer.com,Kids Story Social Sales Campaign,https://www.freelancer.com/projects/content-creation/kids-story-social-sales-campaign,17.0,17.0,USD,fixed,Content Creation | Digital Marketing | Facebook Marketing | Instagram Marketing | Internet Marketing | Lead Generation | Social Media Marketing | YouTube,,,,"My online children’s story & video brand needs a fast-turnaround social media campaign designed to turn parents and teachers into paying customers. The priority is clear: generate qualified leads and direct sales, not just likes or follows. We will c"
Freelancer.com,Aged Google & Yelp Reviews Needed,https://www.freelancer.com/projects/content-writing/aged-google-yelp-reviews-needed,40.0,40.0,USD,fixed,Brand Management | Content Creation | Content Writing | Customer Support | Digital Marketing | Marketing Strategy | SEO | Social Media Management,,,,"I need between six and ten fresh five-star reviews posted on both my Google Business Profile and Yelp listing. Because we serve clients locally as a service provider, the accounts you post from must be genuinely aged with a credible review history so"
Freelancer.com,Optimizing Facebook/Meta Ad Campaign,https://www.freelancer.com/projects/facebook-ads/optimizing-facebook-meta-campaign,74.0,74.0,USD,fixed,Digital Marketing | Facebook Ads | Facebook Marketing | Google Adwords | Internet Marketing | Lead Generation | Sales | Social Media Marketing,,,,"### Freelancer Required – Meta Lead Ad Final Setup

We are looking for a freelancer who can **finalize and optimize an existing Facebook/Meta Ads setup** for **Moonlight Placement Services**.

Most of the work is already completed. We only need someo"
Freelancer.com,Boost Capify - Independent Sales Associates Needed,https://www.freelancer.com/projects/lead-generation/boost-capify-independent-sales,130.0,389.0,USD,fixed,Account Management | B2B Marketing | Cold Calling | Internet Marketing | Lead Generation | Leads | Sales,,,,"Capify — Freelance Sales Partner
Capify is looking for freelance sales partners who can help us bring new coaching centres, schools, academies, and businesses on board for customized promotional caps.
What you'll do
Find potential customers and decis"
Freelancer.com,Open Porch Plans and Elevation,https://www.freelancer.com/projects/2d-drafting/open-porch-plans-elevation,116.0,116.0,USD,fixed,2D Drafting | 3D Modelling | Architectural Rendering | AutoCAD | Building Architecture | CAD / SolidWorks | CAD/CAM | Home Design,,,,"I need moderate-detail plans and elevation for an existing open porch. 

Requirements:
- Moderate detail including dimensions
- Open porch type
- Final output in PDF format

Ideal Skills and Experience:
- Proficiency in drafting plans and elevations
"
Freelancer.com,Facebook Ads Call-Lead Optimization,https://www.freelancer.com/projects/ab-testing/facebook-ads-call-lead-optimization,153.0,153.0,USD,fixed,A/B Testing | Advertising | Analytics | Conversion Rate Optimization | Digital Marketing | Facebook Ads | Lead Generation | Marketing Strategy,,,,"I already manage my own Facebook campaigns and have seen encouraging results, but I’m ready to hand the reins to someone who can push our cost-per-phone-call even lower and scale spend confidently.  

The single, unwavering objective is to generate q"
Freelancer.com,Create a global-audience copy of our website in a subfolder (non-Canada targeting),https://www.freelancer.com/projects/web-development/create-global-audience-copy-our,173.0,173.0,USD,fixed,CMS | Google Analytics | HTML | Search Engine Marketing | SEO | Web Crawling | Web Design | Web Development | Website Optimization | XML,,,,"About us: We run a business website on a Canadian domain (.ca). Our current audience and search visibility are Canada-focused. We now want to serve clients outside North America.

What we need: A duplicate of our existing site placed in a subfolder ("
Freelancer.com,B2B Appointment Setter (Australia-based) – Aged Care & Childcare,https://www.freelancer.com/projects/b2b-marketing/appointment-setter-australia-based-aged,2178.0,2178.0,USD,fixed,Appointment Setting | B2B Marketing | Business Development | Cold Calling | Healthcare Sales | Internet Marketing | Lead Generation | Marketing | Sales | Telemarketing,,,,We are a licensed labour hire company in Victoria. We supply support workers to aged care providers and educators to early childhood centres. We're looking for an experienced Australian-based appointment setter to book meetings with new clients for u
Freelancer.com,Manual PDF Data Entry,https://www.freelancer.com/projects/copy-typing/manual-pdf-data-entry-40754372,879.0,879.0,USD,fixed,Copy Typing | Data Entry | Data Management | Excel | Google Sheets | PDF | Transcription | Word,,,,"I have a set of PDF files containing only text that I need transcribed with 100 % accuracy into the template I will supply. Every entry must be done manually—no copy-paste tools or OCR shortcuts—so that line breaks, punctuation, and any special chara"
Freelancer.com,Amazon Shift Booking Automation,https://www.freelancer.com/projects/api-developmet/amazon-shift-booking-automation,310.0,310.0,USD,fixed,API Development | Backend Development | Java | JavaScript | PHP | Python | Software Architecture | Web Development,,,,"I want a web-based system that talks directly to Amazon’s internal shift API so I can search, book and later modify my job shifts without opening the official app. The core features I need are:  

• Real-time retrieval of available shifts.  
• One-cl"
Freelancer.com,Text-Based E-Commerce Logo Design,https://www.freelancer.com/projects/typography/text-based-commerce-logo-design,158.0,158.0,USD,fixed,Adobe Illustrator | Adobe Photoshop | Branding | Graphic Design | Illustrator | Photoshop | Typography,,,,"I’m getting ready to launch my new store, Brand Name Placeholder 1, and I want its first impression to be memorable. The logo should lean on a clean, modern, text-based approach, using a confident blue-and-white palette that reads well on both light "
Freelancer.com,Singapore VA for Follow-Up Calls,https://www.freelancer.com/projects/virtual-assistant/singapore-for-follow-calls,140.0,140.0,USD,fixed,Customer Service | Data Entry | Lead Generation | Leads | Phone Support | Telemarketing | Telephone Handling | Virtual Assistant,,,,"I have already emailed seven Singapore-based companies but received no reply. Your task is to pick up the phone, reach their local office, and—above all—gather information. Specifically, I need the name of the person in charge and, at a minimum, that"
